Year,Delta C14 (parts per thousand),Notes
1954,-22.5,http://intcal.org/JS/JSintcal20/index.html?xscale=ADBC&yscale=D14C&Sets%5B%5D=1
1953,-24.1,
1952,-25.8,
1951,-25.6,
1950,-25.8,
1949,-26,
1948,-22.2,
1947,-21.6,
1945,-22.4,
1944,-20.7,
1944,-25,
1943,-21.9,
1943,-27.4,
1942,-21,
1942,-19.9,
1941,-19.9,
1940,-23,
1939,-20.1,
1938,-16.5,
1938,-16,
1937,-17.2,
1936,-16.5,
1935,-16.7,
1934.5,-10.5,
1934,-15.5,
1933,-18.6,
1932,-20.1,
1932,-21.4,
1931,-16.6,
1930,-15.9,
1930,-14.9,
1929,-20.9,
1929,-16.5,
1929,-18.7,
1928,-16.9,
1928,-16,
1927,-17.2,
1927,-16.1,
1926,-14.4,
1926,-16.6,
1925,-15,
1925,-11.2,
1924.5,-8,
1924,-13.9,
1924,-10.6,
1923,-14.8,
1923,-15.7,
1922,-14.2,
1922,-11.9,
1921,-16.2,
1921,-11.1,
1920,-16.9,
1920,-13.1,
1919,-12.2,
1919,-11.9,
1918,-13,
1918,-11.5,
1918,-11.1,
1917,-12.4,
1917,-7.6,
1917,-11.3,
1916,-11.6,
1916,-12.4,
1915,-8.1,
1915,-6.1,
1914.5,-6.8,
1914,-7.7,
1913,-9.2,
1913,-7.9,
1913,-8.3,
1913,-2.6,
1913,-8.2,
1913,-10.3,
1913,-11,
1912,-10.3,
1911,-11.2,
1910.5,-7.5,
1910.5,-7.1,
1910,-9.4,
1909,-8.3,
1908.5,-6.3,
1908,-11.2,
1906.5,-9.6,
1906.5,-5.8,
1906.5,-3.7,
1906,-5.7,
1905,-7.6,
1904.5,-4.8,
1904.5,1.5,
1904,-5.7,
1903,-6,
1902.5,-4.1,
1902,-2.3,
1902,-6.1,
1901,0.9,
1901,-1.4,
1900.5,-1.2,
1900,-5.4,
1899,-6.6,
1898.5,-3.6,
1898,-5,
1897,-5.9,
1896.5,-2,
1896,-2.8,
1895,-2.7,
1894.5,-3.4,
1894.5,-3.1,
1894,-2.8,
1893,-2.1,
1892.5,-2.8,
1892.5,-5.4,
1892,-6.2,
1891,-4.1,
1890.5,-4.9,
1890,-5.7,
1889,-6.7,
1889,-7.9,
1889,-4.4,
1888,-6.4,
1888,-7.3,
1887,-5.1,
1887,-4.8,
1887,-9.5,
1886,-8.2,
1886,-7.3,
1886,-2.7,
1885,-5.3,
1885,-3.6,
1884,-3.3,
1883,-2.7,
1882,-1.5,
1881,-5,
1880,-2.7,
1879,-5.1,
1878,-6.7,
1878,-5.3,
1877,-4.9,
1876,-7.5,
1875,-5,
1875,-5.1,
1874,-6.1,
1873,-8.3,
1873,-4.1,
1872,-6.1,
1872,-3.8,
1872,-3.4,
1871,-4.6,
1871,-4.4,
1870,-5.5,
1870,-4.3,
1870,-3.1,
1869,-4.3,
1869,-4.4,
1869,-2.4,
1868,-2.7,
1868,-5.9,
1868,-3.8,
1867,-4.6,
1867,-2.4,
1867,-3,
1867,-6.7,
1866,-5,
1866,-6.1,
1865,-3,
1865,-4.8,
1864,-5.6,
1864,-7.4,
1864,-8.7,
1863,-5.8,
1863,-6.6,
1863,-2.3,
1862,-7.3,
1862,-4.9,
1861,-2.9,
1861,-3.4,
1861,-3.5,
1860,-4.4,
1860,-2.7,
1860,-4.4,
1859,-3.1,
1858,-2.1,
1857,-5,
1856,-3.7,
1856,-4.3,
1855,-4.1,
1854,-4.1,
1853,-5.8,
1852,0,
1851,-2.5,
1850,-1.5,
1849,1.4,
1848.5,-1.7,
1848,-2.1,
1847,-2.2,
1846.5,0.4,
1846,-1.5,
1845,-2.5,
1844,0.9,
1844,-1.2,
1843,0,
1843,-2.9,
1842,-2.1,
1842,-1,
1841,-6.3,
1841,-3,
1840,-1.3,
1839.5,-0.7,
1839,-1.6,
1838,1,
1838,-3.7,
1838,-1.1,
1838,-2.1,
1838,-5.4,
1837,-3.6,
1836,-0.8,
1835,0,
1834,-0.2,
1833,0.5,
1832,2.2,
1831,1.4,
1830,3.8,
1829,5.2,
1828,2.2,
1828,2.7,
1828,3.8,
1827,6.1,
1827,2.9,
1826,2.2,
1825,1.8,
1824,1.1,
1823,2.9,
1822,-0.5,
1822,1.3,
1821,0.3,
1821,5.4,
1821,5.8,
1820,3.2,
1820,4.5,
1820,3.3,
1820,3,
1819,-1.5,
1818,9.5,
1818,2.9,
1817,6.1,
1816,5.8,
1815,1.6,
1814.5,2.3,
1814,0.8,
1813,1,
1813,1.9,
1812,2.5,
1811,1.6,
1810,2.1,
1809,-0.1,
1808,-5.6,
1807,-1.1,
1807,-1.6,
1806,-3.7,
1805,-1.5,
1804.5,0.8,
1804,-1.5,
1803,-3.4,
1802,-2.8,
1802,-2.3,
1801,-6.1,
1801,-4,
1800,-0.2,
1799,-1,
1798,-5.5,
1798,-2.8,
1797,-5,
1796,-9.3,
1795,-9.7,
1794.5,-9.2,
1794,-9.3,
1793,-7.7,
1792,-10.7,
1791,-7.1,
1790,-7.3,
1789,-6.5,
1788,-10.2,
1787,-8.1,
1786,-7.8,
1785,-7.3,
1784.5,-5.7,
1784,-7.8,
1781,-4.2,
1781,-5.9,
1780,-2.1,
1780,-0.7,
1779,-0.4,
1778,0.3,
1777,1.4,
1776,2.4,
1776,2.8,
1775,1.1,
1774.5,-3,
1774,-1.2,
1773,5.5,
1773,-2.5,
1772,-0.1,
1771,1.2,
1770,0,
1769,0.1,
1768,-0.8,
1767,-0.6,
1766,1.5,
1765,2.1,
1764.5,0.4,
1764,3,
1763,-0.7,
1762,2.6,
1761,4.6,
1761,4.6,
1760,3.6,
1760,5.8,
1759,6.1,
1759,4.4,
1758,9.5,
1758,1.9,
1758,7.2,
1757,4.6,
1757,3.8,
1756,2.2,
1756,4.2,
1755,3.1,
1755,4.2,
1754.5,-0.1,
1754.5,-3,
1754,4.4,
1753,4,
1753,8.3,
1753,6.3,
1752,4.7,
1751,2.5,
1750,4.7,
1750,5.4,
1748,4.5,
1747,6.9,
1746,6.9,
1746,7.9,
1745,6.3,
1745,2.4,
1744.5,2.1,
1744,2.8,
1743,4.1,
1743,7,
1742,5.5,
1741,0.9,
1741,1.4,
1740,5.6,
1739,5.5,
1739,7.6,
1738,7.2,
1737,7.2,
1736,7.4,
1735,7.4,
1734.5,6.8,
1734,9,
1733,8.9,
1732,7.1,
1731,5.6,
1730,10.6,
1729,12.7,
1728,11.6,
1727,14.3,
1726,17.9,
1725,12.2,
1725,13.7,
1724.5,11.2,
1724,9,
1724,14,
1724,16.1,
1723,12,
1723,15,
1722,11.2,
1722,14.2,
1721,12.7,
1721,14.5,
1720,14.5,
1720,15,
1720,15,
1719,14.9,
1719,13.5,
1719,20.9,
1718,17.1,
1718,14.5,
1718,18,
1718,18.4,
1717,17,
1717,15.5,
1717,15,
1716,15.4,
1716,20.3,
1715,14.7,
1715,18.6,
1714.5,15.8,
1714.5,17.3,
1714,18.3,
1714,17.5,
1713,17.9,
1713,17.4,
1712,12.9,
1712,14.8,
1711,17.9,
1711,18.9,
1711,17.1,
1711,20.3,
1710,14.6,
1710,17.4,
1710,20.5,
1709,14.1,
1709,19.8,
1708,14.2,
1708,16.8,
1707,10.9,
1707,14.1,
1707,16.1,
1707,18.7,
1706,13.9,
1706,14.7,
1705,16.2,
1705,16.7,
1704.5,16.4,
1704,15.1,
1704,19.9,
1704,23.7,
1703,16.7,
1703,18.9,
1703,18.2,
1702,9.5,
1702,11.5,
1702,14.8,
1702,17.7,
1702,19.5,
1701,18.5,
1701,16.2,
1701,22.8,
1700,18.2,
1700,20,
1700,16.1,
1700,16.6,
1700,16.7,
1699,20.5,
1699,19.1,
1699,14.3,
1698,16.2,
1698,21.1,
1698,14.2,
1697,19,
1697,17.6,
1697,18.2,
1696,15.3,
1696,19.7,
1696,14,
1695,18.1,
1695,19.1,
1695,14.5,
1695,12.5,
1694.5,16.6,
1694,16.7,
1694,17.8,
1694,13.5,
1694,18.3,
1693,15.6,
1693,16.4,
1693,15,
1692,15.6,
1692,18.2,
1692,15,
1691,14,
1691,15.6,
1691,15,
1690,13.9,
1690,15.5,
1690,11.9,
1689,14.4,
1689,16.9,
1688,15.1,
1688,18.2,
1687,14.7,
1687,12.6,
1687,15,
1686,17.5,
1686,17.4,
1686,18,
1686,17.4,
1685,13.5,
1684.5,11.8,
1684,13.2,
1683,11.6,
1682,12.2,
1681,11.9,
1680,13,
1678,8.4,
1677,11.6,
1677,8.2,
1676,9.7,
1676,13.1,
1675,11.9,
1674.5,14,
1674,5.8,
1674,12.4,
1673,16.7,
1673,13.9,
1672,10.9,
1671,13.2,
1671,17.6,
1670,9.8,
1669,11.3,
1668,11.9,
1667,10.1,
1666,8.4,
1665,6.7,
1664.5,7.7,
1664.5,10.2,
1664,7.5,
1664,5.2,
1663,8.7,
1662,7.5,
1661,9,
1660,4.1,
1660,3.7,
1659,6.2,
1658,9.3,
1657,4.5,
1656,4.6,
1655,6.3,
1654.5,6.3,
1654,5.1,
1654,9.7,
1653,4.1,
1651,4.9,
1650,5.4,
1650,6.1,
1649,2.1,
1649,6.3,
1648,3.3,
1647,3.9,
1646,2.7,
1645,2.2,
1644.5,4.7,
1644,1,
1644,4,
1643,3.8,
1642,1.5,
1641,2.2,
1640,-1.2,
1640,-4.6,
1639,-1.1,
1639,4.4,
1638,-2.6,
1637,0.6,
1636,-0.4,
1636,4,
1635,-1.4,
1635,4.8,
1634.5,3.4,
1634,-3.3,
1633,-0.2,
1632,-3.6,
1631,-3.4,
1630,-4,
1629,-4.6,
1629,4,
1628,-4.6,
1627,-0.4,
1626,-6.3,
1625,-0.5,
1625,-0.9,
1624.5,-2.7,
1624,-4,
1623,2,
1622,-2.9,
1622,-2.3,
1621,-2.3,
1620,2,
1620,-3.9,
1619,-0.3,
1618,-1.5,
1617,-4.2,
1616,-5.4,
1615,-0.8,
1615,-8.4,
1614.5,-3.7,
1614,-1.3,
1613,-5.2,
1612,-1.4,
1611,-6.2,
1611,-6.6,
1610,-2.7,
1609,-3.1,
1608,0,
1608,-7.2,
1607,-4.8,
1606,-4.9,
1606,-2.6,
1606,-7,
1605,-2.6,
1605,-8.2,
1604.5,0.5,
1604,-3.6,
1604,-10.4,
1603,-4.3,
1602,-2,
1601,-3.2,
1601,-0.1,
1600,-0.5,
1600,2,
1599,-1,
1598,0.5,
1597,-1.5,
1596,-0.4,
1595,2.2,
1594.5,-1.8,
1594,2.5,
1593,0.5,
1592,-0.4,
1591,3.7,
1590,4.5,
1589,3.7,
1588,1.1,
1587,1.3,
1586,2.5,
1585,3.7,
1584.5,4.8,
1584,0.8,
1583,4.1,
1582,3.1,
1581,-0.3,
1580,3.6,
1579,2.4,
1578,5.2,
1577,3.3,
1576,1.8,
1575,3.9,
1574.5,4.7,
1574,4,
1573,7.9,
1572,6.3,
1571,5.4,
1570,6.5,
1569,5.6,
1568,4.4,
1567,7.4,
1567,0.3,
1566,5.5,
1566,10.8,
1565,7,
1564.5,5.4,
1564,5.5,
1563,5.1,
1562,5.9,
1561,6.9,
1560,3.1,
1559,7.5,
1558,8.5,
1557,5.6,
1556,9.1,
1555,9.4,
1554.5,7.8,
1554,9.2,
1553,7.3,
1552,13.3,
1551,9.7,
1550,9,
1550,7.3,
1550,12.7,
1549,11.6,
1548,12.1,
1547,12.6,
1546,8.8,
1545,11,
1544.5,10.3,
1544,8.7,
1543,10.2,
1542,11.1,
1542,8.8,
1541,14.5,
1541,9.9,
1540,13.1,
1540,7.3,
1539,15,
1539,9.2,
1538,12.6,
1538,12.2,
1537,14.6,
1537,16.5,
1536,12.4,
1536,10.4,
1535,13.1,
1535,11.6,
1534.5,16,
1534,13.4,
1534,9,
1533,13.4,
1533,11,
1532,14.8,
1532,14.2,
1531,14.3,
1530,11.5,
1529,12.8,
1528,12.5,
1527,11.5,
1526,12.4,
1525,6,
1525,15,
1524.5,12.7,
1524,10,
1523,10.1,
1522,9.1,
1521,11,
1520,8.5,
1519,6.5,
1517,11.6,
1516,9.2,
1515,8.5,
1514.5,9.8,
1514,10,
1513,10.5,
1512,10,
1511,6.9,
1510,8.6,
1504.5,11.6,
1504.5,7.4,
1504.5,13.5,
1494.5,8.7,
1494.5,13.7,
1484.5,9,
1474.5,9,
1464.5,9.6,
1454.5,11.7,
1454.5,11.5,
1444.5,9.2,
1434.5,4.1,
1424.5,1.3,
1414.5,0,
1404.5,-4.3,
1394.5,-4.4,
1384.5,-11,
1384.5,-9.7,
1374.5,-12.2,
1374.5,-10.9,
1364.5,-4.7,
1364.5,-4,
1354.5,-5.4,
1354.5,-4.1,
1344.5,0.5,
1344.5,1,
1334.5,3.9,
1334.5,5.8,
1324.5,0.7,
1324.5,-1.9,
1314.5,-0.2,
1314.5,-1.4,
1305,-3,
1304.5,0.8,
1304.5,1.8,
1294.5,-3,
1284.5,-8.2,
1274.5,-13.7,
1264.5,-11,
1254.5,-16.7,
1244.5,-14.5,
1234.5,-13.4,
1224.5,-8.9,
1224.5,-13.2,
1214.5,-14.5,
1204.5,-17.6,
1194.5,-15.2,
1184.5,-17.7,
1174.5,-15.7,
1164.5,-10.5,
1164.5,-12.8,
1154.5,-16.5,
1144.5,-21.8,
1144.5,-23.6,
1135.5,-12.9,
1134.5,-14.6,
1124.5,-13.8,
1115.5,-17.4,
1114.5,-15.5,
1105.5,-15.1,
1104.5,-15.7,
1095.5,-13.8,
1094.5,-13.4,
1085.5,-9.9,
1084.5,-7.1,
1084.5,-10.4,
1075.5,-3.5,
1075.5,-9.7,
1074.5,-5.7,
1065.5,-8.5,
1064.5,-6.8,
1055.5,-6.1,
1054.5,-8.2,
1045.5,-6.5,
1044.5,-4.7,
1035.5,-6.6,
1034.5,-8.2,
1024.5,-9.3,
1014.5,-14.8,
1004.5,-10.3,
994.5,-14.6,
984.5,-15.8,
974.5,-21.6,
964.5,-19.5,
954.5,-18.9,
944.5,-17.5,
934.5,-20.6,
929.5,-17.4,
924.5,-18.7,
914.5,-12.3,
909.5,-7.7,
909.5,-10,
904.5,-10.8,
894.5,-13.8,
889.5,-15.3,
884.5,-17.2,
874.5,-16,
869.5,-18.6,
864.5,-16.4,
854.5,-14.8,
854.5,-21.2,
849.5,-14.3,
844.5,-16.9,
834.5,-12.4,
829.5,-11.5,
824.5,-13.9,
814.5,-10.2,
809.5,-10.7,
804.5,-10.5,
794.5,-12.1,
794.5,-16.3,
794.5,-12.1,
789.5,-6.4,
789.5,-3.1,
784.5,-4.6,
774.5,-12.7,
774.5,-13.1,
764.5,-16.3,
764.5,-15.8,
754.5,-19.1,
754.5,-18.4,
754.5,-12.4,
744.5,-9.1,
744.5,-13.1,
734.5,-5.9,
734.5,-10.8,
724.5,-6.7,
714.5,-9.2,
704.5,-10.6,
694.5,-5.2,
684.5,-12.5,
674.5,-10.5,
664.5,-11.5,
654.5,-13.9,
644.5,-15.9,
634.5,-23.2,
634.5,-21.5,
624.5,-19.2,
614.5,-17.8,
604.5,-17.8,
594.5,-21.2,
584.5,-18.3,
574.5,-19.8,
564.5,-17.8,
554.5,-18.9,
544.5,-14.1,
544.5,-18.6,
534.5,-22.6,
524.5,-23.6,
524.5,-26.4,
514.5,-21.9,
504.5,-21.6,
494.5,-18.1,
484.5,-16.9,
474.5,-15.6,
464.5,-16.6,
454.5,-15.5,
444.5,-11.5,
434.5,-10.8,
424.5,-16.7,
414.5,-18.1,
404.5,-20.2,
394.5,-19,
384.5,-19.7,
374.5,-21.1,
374.5,-24,
364.5,-16.6,
354.5,-18.3,
344.5,-17,
334.5,-19.6,
324.5,-17.7,
314.5,-22.9,
304.5,-21.4,
294.5,-14.5,
284.5,-17.7,
274.5,-10.5,
264.5,-7.5,
264.5,-8.7,
254.5,-11.6,
254.5,-18.2,
254.5,-17,
244.5,-14.2,
244.5,-13.6,
244.5,-15.3,
234.5,-17.3,
234.5,-18.6,
224.5,-17.6,
214.5,-18.2,
204.5,-16.9,
204.5,-21.2,
194.5,-14.1,
184.5,-11.4,
174.5,-13.1,
164.5,-13.1,
154.5,-11.9,
144.5,-10.2,
134.5,-6.7,
134.5,-10.4,
124.5,-16.4,
124.5,-15,
124.5,-15.9,
114.5,-14.5,
104.5,-13.4,
94.5,-5.1,
94.5,-11.6,
84.5,-9.3,
74.5,-13.3,
74.5,-9.7,
64.5,-12.8,
54.5,-16.1,
54.5,-9.3,
44.5,-14.9,
44.5,-16.7,
44.5,-19,
34.5,-8.1,
34.5,-11,
24.5,-14.3,
24.5,-13.3,
14.5,-15.3,
14.5,-13.1,
4.5,-9.8,
4.5,-14.1,
4.5,-11.1,
-3.5,-16.8,
-3.5,-19.8,
-4.5,-18.5,
-13.5,-9,
-13.5,-12.5,
-14.5,-11.6,
-23.5,-12.8,
-24.5,-14.4,
-33.5,-5.8,
-33.5,-13.1,
-34.5,-8,
-34.5,-6.4,
-34.5,-10.7,
-43.5,-16,
-43.5,-13.8,
-44.5,-10,
-53.5,-10.2,
-53.5,-17.3,
-54.5,-14.8,
-54.5,-19.6,
-63.5,-15.7,
-63.5,-16,
-64.5,-16.1,
-73.5,-14.7,
-74.5,-13.2,
-83.5,-8.3,
-83.5,-9.7,
-84.5,-13.1,
-93.5,-13.6,
-94.5,-12.8,
-103.5,-8.7,
-104.5,-12.4,
-113.5,-8.4,
-114.5,-13.2,
-123.5,-10.2,
-124.5,-13.9,
-133.5,-7.2,
-134.5,-9.5,
-143.5,-5.7,
-144.5,-9.6,
-154.5,-5.6,
-164.5,-7.3,
-164.5,-4.8,
-174.5,-11.9,
-184.5,-10.5,
-194.5,-6.2,
-194.5,-4.7,
-204.5,-10.3,
-214.5,-12.8,
-214.5,-16.9,
-214.5,-16.6,
-224.5,-7.9,
-234.5,-12.6,
-234.5,-16.3,
-244.5,-12.4,
-254.5,-9.4,
-264.5,-13.7,
-274.5,-8,
-274.5,-7.6,
-284.5,-8.8,
-294.5,-7.9,
-294.5,0.4,
-304.5,-0.2,
-314.5,0.1,
-324.5,3.6,
-324.5,6.6,
-334.5,7.2,
-344.5,7.1,
-344.5,6.5,
-354.5,1.9,
-354.5,0.7,
-364.5,-2.7,
-364.5,-1.1,
-374.5,1.5,
-374.5,-1.6,
-384.5,-1.2,
-394.5,-5.1,
-394.5,-6.4,
-404.5,-10.4,
-404.5,-11.6,
-414.5,-16.8,
-424.5,-13.7,
-434.5,-16.7,
-444.5,-15.8,
-454.5,-16,
-454.5,-22.5,
-464.5,-12,
-474.5,-6.1,
-474.5,-6.3,
-484.5,-8.6,
-494.5,-6.4,
-504.5,-5.8,
-514.5,-3,
-514.5,-10.9,
-524.5,-9.2,
-524.5,-5.1,
-534.5,-1.3,
-534.5,-4.4,
-544.5,-7.7,
-544.5,-5.7,
-554.5,-6,
-564.5,-5.9,
-574.5,-4.5,
-584.5,0.9,
-594.5,-5,
-604.5,-4.1,
-605.5,-2,
-614.5,0,
-615.5,-1,
-615.5,3.7,
-624.5,-0.9,
-630.5,5.1,
-634.5,2.8,
-644.5,4.8,
-645.5,6.3,
-654.5,6,
-654.5,7.6,
-660.5,13.5,
-695.5,14.5,
-705.5,15.4,
-715.5,15.8,
-730.5,18.1,
-730.5,22.2,
-750.5,21.8,
-770.5,11.7,
-785.5,13.8,
-795.5,7.5,
-805.5,3.8,
-815.5,2.2,
-825.5,3,
-835.5,-3.8,
-845.5,-4,
-855.5,-2.7,
-865.5,-0.5,
-875.5,1,
-885.5,5.9,
-895.5,3,
-905.5,-0.4,
-915.5,0.4,
-925.5,0.4,
-935.5,0,
-945.5,-1.7,
-955.5,-0.1,
-965.5,9,
-975.5,-0.1,
-985.5,2.3,
-995.5,5.5,
-1005.5,4.6,
-1015.5,1.3,
-1025.5,0.3,
-1035.5,2.6,
-1045.5,7.6,
-1055.5,-0.7,
-1065.5,6.8,
-1075.5,6.4,
-1085.5,3.7,
-1085.5,5.1,
-1095.5,3.3,
-1095.5,6.9,
-1105.5,6.5,
-1105.5,0.5,
-1105.5,10.9,
-1115.5,1.9,
-1125.5,10,
-1135.5,-0.3,
-1135.5,-0.3,
-1145.5,11.6,
-1155.5,8.8,
-1165.5,10.2,
-1175.5,11,
-1185.5,18.3,
-1195.5,3.7,
-1195.5,10.8,
-1205.5,18.6,
-1215.5,8.9,
-1215.5,4.5,
-1215.5,19.1,
-1225.5,10.5,
-1235.5,16.4,
-1245.5,14.4,
-1255.5,16.3,
-1265.5,10.8,
-1275.5,12.8,
-1285.5,18.9,
-1295.5,14.9,
-1305.5,17.1,
-1315.5,16.7,
-1325.5,13,
-1325.5,13,
-1325.5,3.6,
-1335.5,16.8,
-1345.5,20,
-1355.5,17.7,
-1365.5,24.2,
-1375.5,18.2,
-1385.5,18.9,
-1395.5,16.8,
-1405.5,20.3,
-1415.5,12.8,
-1425.5,20.4,
-1435.5,10.7,
-1435.5,17.9,
-1445.5,15.4,
-1455.5,7.4,
-1455.5,19.4,
-1465.5,9.4,
-1465.5,15.4,
-1475.5,14.5,
-1485.5,19.3,
-1495.5,18.7,
-1495.5,10.4,
-1505.5,13.8,
-1515.5,14.6,
-1525.5,13.1,
-1535.5,9.9,
-1545.5,11.6,
-1555.5,12.8,
-1565.5,11.9,
-1565.5,13.6,
-1575.5,22.9,
-1575.5,11.3,
-1585.5,16.8,
-1595.5,21.3,
-1605.5,16.2,
-1615.5,17.3,
-1625.5,15.6,
-1635.5,16.2,
-1645.5,9.9,
-1645.5,18.1,
-1645.5,12.1,
-1655.5,20.1,
-1665.5,15.3,
-1665.5,11.6,
-1675.5,25.6,
-1685.5,21.7,
-1695.5,12.6,
-1695.5,14.7,
-1705.5,15.7,
-1715.5,20.6,
-1725.5,20.7,
-1735.5,19,
-1745.5,15.3,
-1755.5,14.5,
-1765.5,19,
-1775.5,15.3,
-1785.5,12.5,
-1785.5,16.7,
-1795.5,20.8,
-1795.5,14.1,
-1805.5,18.5,
-1805.5,25.4,
-1815.5,16.8,
-1815.5,21.1,
-1825.5,22.4,
-1835.5,15.7,
-1845.5,25.4,
-1855.5,27.4,
-1865.5,26.1,
-1875.5,24.5,
-1875.5,30,
-1885.5,21.3,
-1895.5,19.7,
-1905.5,24.1,
-1915.5,25.1,
-1925.5,21,
-1935.5,22.9,
-1935.5,22.6,
-1945.5,20.6,
-1945.5,24,
-1955.5,23.1,
-1965.5,23.4,
-1975.5,22.2,
-1985.5,19.4,
-1995.5,28.7,
-2005.5,32,
-2015.5,26.3,
-2025.5,28.7,
-2035.5,24,
-2035.5,21.4,
-2035.5,27.6,
-2045.5,18.5,
-2045.5,27.5,
-2055.5,18.9,
-2055.5,26,
-2065.5,28.3,
-2075.5,21.7,
-2075.5,21,
-2085.5,32.3,
-2095.5,30.1,
-2105.5,32.8,
-2105.5,37.4,
-2115.5,32.1,
-2125.5,35,
-2135.5,32.1,
-2145.5,25.2,
-2145.5,30.8,
-2155.5,27.6,
-2155.5,32.1,
-2165.5,32.4,
-2175.5,34.7,
-2175.5,34.4,
-2185.5,32.7,
-2185.5,39.6,
-2195.5,33.3,
-2195.5,37.8,
-2205.5,30.1,
-2215.5,27.1,
-2215.5,33,
-2225.5,32.8,
-2225.5,37,
-2235.5,28.8,
-2245.5,30.4,
-2245.5,31.9,
-2255.5,32.9,
-2255.5,41.1,
-2265.5,39.9,
-2275.5,36.3,
-2285.5,43.5,
-2285.5,34.4,
-2295.5,32.3,
-2295.5,37.6,
-2305.5,38.3,
-2315.5,35.6,
-2325.5,38.8,
-2325.5,39.6,
-2335.5,38.7,
-2345.5,35.4,
-2345.5,40.5,
-2355.5,36.4,
-2365.5,34.5,
-2365.5,40.3,
-2375.5,39,
-2385.5,39.9,
-2385.5,49.1,
-2395.5,47.6,
-2395.5,52.2,
-2405.5,42.3,
-2415.5,41.7,
-2425.5,47.1,
-2435.5,45.5,
-2435.5,39.2,
-2435.5,50,
-2445.5,48.2,
-2465.5,47.8,
-2475.5,36.8,
-2475.5,37.3,
-2485.5,39.4,
-2485.5,42.9,
-2495.5,35.6,
-2505.5,30.5,
-2505.5,36.1,
-2515.5,42.1,
-2515.5,39.1,
-2525.5,44.5,
-2525.5,44.7,
-2525.5,44.3,
-2535.5,47,
-2535.5,49.1,
-2545.5,46.7,
-2545.5,50.5,
-2555.5,48.5,
-2555.5,47.3,
-2565.5,44.5,
-2565.5,49.3,
-2575.5,44.4,
-2575.5,43.3,
-2585.5,42.8,
-2585.5,39,
-2595.5,46.9,
-2595.5,46.9,
-2605.5,40.2,
-2615.5,48.5,
-2615.5,51.2,
-2625.5,47.6,
-2625.5,43.5,
-2635.5,44,
-2635.5,44.7,
-2645.5,39,
-2654.5,50.6,
-2664.5,49.2,
-2664.5,50.7,
-2674.5,48.7,
-2674.5,46.9,
-2684.5,47.1,
-2684.5,50.5,
-2694.5,48.1,
-2704.5,44,
-2704.5,43.7,
-2704.5,55.6,
-2714.5,45.3,
-2724.5,51.8,
-2734.5,49.9,
-2744.5,54,
-2754.5,54.5,
-2764.5,47.3,
-2774.5,54.3,
-2784.5,58.5,
-2784.5,55.9,
-2794.5,54,
-2794.5,57.5,
-2804.5,53.7,
-2814.5,63.7,
-2814.5,69.6,
-2824.5,72.3,
-2834.5,67.6,
-2844.5,65,
-2854.5,66.6,
-2864.5,66.3,
-2874.5,64.2,
-2874.5,65.8,
-2884.5,61.3,
-2894.5,55.1,
-2904.5,54.4,
-2914.5,53.3,
-2924.5,47.9,
-2934.5,46.8,
-2944.5,45.2,
-2954.5,49.3,
-2954.5,55.6,
-2964.5,52.2,
-2974.5,50.2,
-2984.5,56.7,
-2984.5,56.7,
-2994.5,59.7,
-3004.5,58.3,
-3014.5,57.4,
-3024.5,59.2,
-3034.5,59.2,
-3044.5,58.3,
-3044.5,53.7,
-3054.5,52.5,
-3054.5,56.8,
-3064.5,56.4,
-3074.5,58.7,
-3074.5,68.9,
-3074.5,62,
-3084.5,58.7,
-3094.5,60.8,
-3104.5,52.2,
-3114.5,56.2,
-3114.5,56.6,
-3124.5,53.6,
-3134.5,55.1,
-3144.5,51.9,
-3154.5,58.8,
-3164.5,64.4,
-3164.5,65,
-3174.5,58.9,
-3184.5,61.8,
-3184.5,64.1,
-3194.5,60.7,
-3194.5,62.4,
-3204.5,61.7,
-3214.5,65.6,
-3214.5,65.5,
-3214.5,70.3,
-3224.5,68.6,
-3234.5,74.5,
-3244.5,79.3,
-3254.5,77.9,
-3264.5,75,
-3274.5,77.1,
-3284.5,79.9,
-3294.5,81.4,
-3304.5,81,
-3314.5,79,
-3314.5,77.5,
-3324.5,81.2,
-3324.5,87.3,
-3334.5,84.3,
-3334.5,86.5,
-3334.5,75.8,
-3344.5,82.9,
-3344.5,73.5,
-3344.5,79.4,
-3354.5,74.8,
-3364.5,72,
-3374.5,68.2,
-3384.5,63.7,
-3394.5,58.1,
-3394.5,64.2,
-3404.5,66.8,
-3414.5,65.5,
-3424.5,73.8,
-3424.5,70.1,
-3424.5,69.5,
-3434.5,73.6,
-3434.5,73,
-3444.5,73.8,
-3454.5,73.9,
-3464.5,82.1,
-3464.5,77.8,
-3474.5,83.4,
-3474.5,89.9,
-3484.5,83.7,
-3484.5,90.4,
-3494.5,81.8,
-3494.5,90.6,
-3504.5,76.8,
-3504.5,83.4,
-3514.5,73.1,
-3514.5,79.3,
-3524.5,76.2,
-3524.5,78.3,
-3534.5,77.5,
-3534.5,79.2,
-3544.5,71.8,
-3544.5,74.4,
-3554.5,74.5,
-3554.5,75.4,
-3564.5,79.1,
-3564.5,80.1,
-3574.5,79.8,
-3574.5,78.9,
-3584.5,78.5,
-3584.5,86.7,
-3594.5,91.6,
-3594.5,82.1,
-3604.5,87.2,
-3604.5,89.4,
-3614.5,88.1,
-3614.5,93.7,
-3614.5,91.9,
-3624.5,89.3,
-3634.5,81.3,
-3634.5,84.1,
-3644.5,73.7,
-3644.5,81.6,
-3654.5,68.6,
-3654.5,78.5,
-3664.5,73.6,
-3664.5,76.6,
-3674.5,65.8,
-3674.5,77.9,
-3684.5,73.7,
-3684.5,76.4,
-3694.5,75.8,
-3694.5,78.6,
-3704.5,73,
-3704.5,76.7,
-3714.5,68.1,
-3714.5,75.6,
-3724.5,76.5,
-3724.5,66.4,
-3734.5,73.5,
-3734.5,78.2,
-3744.5,72.3,
-3744.5,78.4,
-3754.5,73.8,
-3754.5,80.4,
-3764.5,70.3,
-3764.5,75.4,
-3774.5,73.8,
-3774.5,72.6,
-3784.5,74.7,
-3784.5,74.3,
-3784.5,76.4,
-3794.5,71.6,
-3794.5,78.8,
-3804.5,65.4,
-3814.5,65.5,
-3824.5,71.3,
-3834.5,73,
-3844.5,71.4,
-3854.5,73.1,
-3854.5,71.1,
-3864.5,76.8,
-3864.5,80.1,
-3864.5,77.6,
-3874.5,86.6,
-3874.5,83.3,
-3874.5,68.1,
-3874.5,65.9,
-3884.5,83.2,
-3884.5,98.5,
-3884.5,80.5,
-3894.5,81.1,
-3894.5,85.1,
-3904.5,81.6,
-3904.5,83.6,
-3914.5,82.9,
-3914.5,80.7,
-3924.5,83.5,
-3929.5,85,
-3934.5,84.6,
-3944.5,80.9,
-3949.5,79.5,
-3949.5,84.5,
-3954.5,80.9,
-3964.5,76,
-3969.5,76.9,
-3969.5,76.2,
-3974.5,72.9,
-3984.5,74.2,
-3984.5,67.4,
-3994.5,73.2,
-3994.5,65.4,
-4004.5,69.2,
-4004.5,68.6,
-4014.5,72.1,
-4024.5,79.1,
-4024.5,77.6,
-4024.5,76.3,
-4024.5,75,
-4034.5,80.3,
-4034.5,81.4,
-4034.5,81.5,
-4034.5,72.9,
-4044.5,75.2,
-4044.5,72.1,
-4094.5,76,
-4094.5,70.6,
-4104.5,76.8,
-4104.5,74.8,
-4114.5,79.6,
-4124.5,74.7,
-4124.5,66.3,
-4134.5,81.5,
-4144.5,80.9,
-4144.5,85.8,
-4164.5,86.8,
-4174.5,81.4,
-4184.5,76.5,
-4194.5,82.6,
-4204.5,87.7,
-4204.5,84.4,
-4214.5,93.9,
-4224.5,95.3,
-4234.5,82.9,
-4234.5,82.5,
-4244.5,82.6,
-4244.5,83,
-4254.5,87.5,
-4254.5,87.7,
-4264.5,80.2,
-4274.5,76,
-4274.5,76,
-4274.5,79.6,
-4284.5,83,
-4284.5,79.1,
-4294.5,85.5,
-4304.5,91.6,
-4314.5,92.1,
-4324.5,86.6,
-4334.5,81.7,
-4334.5,79.6,
-4344.5,80.1,
-4344.5,76,
-4354.5,74,
-4364.5,73.8,
-4374.5,77.9,
-4374.5,68.8,
-4384.5,78.7,
-4394.5,75.3,
-4404.5,74.9,
-4404.5,80.4,
-4414.5,73.4,
-4424.5,84.6,
-4434.5,87.9,
-4444.5,83.6,
-4454.5,79.6,
-4464.5,73.8,
-4464.5,69.2,
-4474.5,73.3,
-4484.5,76.2,
-4494.5,75.5,
-4504.5,76.4,
-4514.5,77.3,
-4524.5,78.6,
-4534.5,79.1,
-4544.5,72.6,
-4554.5,72.8,
-4564.5,73.1,
-4564.5,72.3,
-4574.5,78.1,
-4574.5,73.6,
-4584.5,80.1,
-4584.5,73.5,
-4594.5,76.4,
-4604.5,77.9,
-4614.5,79.6,
-4624.5,76.8,
-4624.5,73,
-4634.5,79,
-4644.5,80,
-4644.5,82.7,
-4644.5,83.1,
-4654.5,80,
-4654.5,84.4,
-4664.5,87.5,
-4674.5,87.4,
-4684.5,89,
-4684.5,81.3,
-4694.5,79.5,
-4694.5,81.1,
-4704.5,85.6,
-4704.5,81.6,
-4714.5,79.9,
-4724.5,78.5,
-4734.5,80.1,
-4787.5,83.6,
-4797.5,77.9,
-4804.5,81.3,
-4804.5,80.6,
-4807.5,81.9,
-4814.5,83.9,
-4817.5,85.9,
-4824.5,80.5,
-4827.5,84.8,
-4834.5,82.6,
-4837.5,80.2,
-4844.5,81.4,
-4847.5,77.2,
-4854.5,79.3,
-4854.5,78.4,
-4857.5,80.3,
-4864.5,81.3,
-4867.5,90.8,
-4874.5,77.9,
-4877.5,88.4,
-4884.5,93.1,
-4887.5,82,
-4894.5,86.5,
-4897.5,78.9,
-4904.5,93.3,
-4904.5,85.1,
-4914.5,85,
-4924.5,83.9,
-4934.5,88.3,
-4934.5,91.7,
-4944.5,81.5,
-4944.5,92.2,
-4954.5,83.5,
-4954.5,90.2,
-4964.5,79.6,
-4964.5,90,
-4974.5,85.1,
-4974.5,90.6,
-4984.5,88.4,
-4994.5,85.1,
-5004.5,83.3,
-5014.5,88.4,
-5024.5,85.7,
-5034.5,87.3,
-5044.5,85.5,
-5054.5,89.4,
-5064.5,83.5,
-5074.5,82.5,
-5084.5,80.3,
-5094.5,87,
-5094.5,86.9,
-5104.5,83,
-5114.5,92.7,
-5124.5,85,
-5134.5,94.8,
-5144.5,95.7,
-5164.5,92.6,
-5174.5,99.1,
-5184.5,105.3,
-5184.5,108.3,
-5194.5,110.2,
-5194.5,91.9,
-5204.5,111.1,
-5204.5,106.8,
-5265.5,95.2,
-5275.5,103.5,
-5285.5,100.3,
-5285.5,102.8,
-5295.5,100.8,
-5295.5,104.5,
-5305.5,97.9,
-5315.5,96.4,
-5325.5,88.5,
-5335.5,94.8,
-5345.5,92.2,
-5355.5,95.5,
-5355.5,96.9,
-5365.5,97.1,
-5365.5,92.2,
-5375.5,90.6,
-5385.5,88.9,
-5385.5,93.3,
-5395.5,93.1,
-5395.5,82,
-5405.5,96.4,
-5415.5,100.2,
-5425.5,98.6,
-5435.5,101.5,
-5445.5,100.7,
-5455.5,105.3,
-5455.5,107.8,
-5465.5,103.6,
-5465.5,106.9,
-5475.5,95.2,
-5485.5,87,
-5485.5,83.7,
-5495.5,87.1,
-5505.5,92.5,
-5505.5,92.5,
-5515.5,89.2,
-5525.5,92.4,
-5535.5,88.5,
-5545.5,87.2,
-5555.5,92.5,
-5565.5,80.9,
-5575.5,84.8,
-5585.5,83.3,
-5595.5,98.2,
-5605.5,97.3,
-5615.5,85.9,
-5615.5,96.9,
-5625.5,82.9,
-5635.5,80.9,
-5645.5,80,
-5645.5,75.4,
-5655.5,86.4,
-5655.5,85,
-5665.5,79.3,
-5675.5,82.9,
-5675.5,71.8,
-5685.5,81.5,
-5695.5,83.9,
-5705.5,87.1,
-5705.5,83.1,
-5715.5,82.5,
-5725.5,78.7,
-5735.5,74.4,
-5745.5,77.4,
-5745.5,70.7,
-5755.5,73.6,
-5765.5,76.9,
-5775.5,76.2,
-5785.5,77.4,
-5795.5,77.4,
-5805.5,81.5,
-5805.5,78.3,
-5815.5,76.4,
-5825.5,77,
-5825.5,86.3,
-5835.5,84.2,
-5835.5,87.2,
-5845.5,77.6,
-5855.5,78.2,
-5865.5,82.3,
-5865.5,82.6,
-5875.5,83.8,
-5875.5,81.1,
-5885.5,86.7,
-5885.5,80.1,
-5895.5,76.1,
-5905.5,81.4,
-5915.5,81.8,
-5925.5,74.3,
-5935.5,73.4,
-5945.5,82.2,
-5945.5,78,
-5955.5,93,
-5955.5,86.6,
-5965.5,93.3,
-5965.5,91.4,
-5975.5,86.9,
-5985.5,80.7,
-5995.5,80.8,
-6005.5,79.3,
-6015.5,75.6,
-6022.5,70.8,
-6025.5,75.3,
-6025.5,73.6,
-6035.5,70.6,
-6042.5,80.9,
-6042.5,81,
-6175.5,81.6,
-6175.5,84,
-6185.5,80.3,
-6195.5,85.8,
-6195.5,87.8,
-6205.5,82.4,
-6205.5,86.6,
-6215.5,82.4,
-6225.5,79.5,
-6235.5,67,
-6245.5,74.2,
-6255.5,70.5,
-6265.5,73.7,
-6275.5,66.6,
-6285.5,79,
-6295.5,78.6,
-6295.5,76.3,
-6305.5,74.6,
-6305.5,75.2,
-6315.5,83.5,
-6315.5,83.6,
-6325.5,85,
-6325.5,83.3,
-6335.5,84.9,
-6345.5,81.6,
-6345.5,85.5,
-6395.5,80.3,
-6405.5,73.6,
-6405.5,86,
-6415.5,79.8,
-6415.5,83.1,
-6425.5,79.5,
-6425.5,81.7,
-6435.5,75.5,
-6445.5,74.6,
-6445.5,75.8,
-6455.5,75.1,
-6465.5,67,
-6465.5,74.2,
-6475,73.1,
-6475.5,64,
-6485.5,63.4,
-6495.5,70,
-6497.5,67.5,
-6497.5,68.8,
-6505.5,71.5,
-6513,65.5,
-6513,55.4,
-6515.5,66.8,
-6515.5,70.5,
-6525.5,67,
-6525.5,74.5,
-6535.5,65.5,
-6536.5,61.7,
-6545.5,73.2,
-6545.5,73.5,
-6553.5,73.8,
-6553.5,77.7,
-6555.5,71.4,
-6555.5,74.5,
-6565.5,76.7,
-6575.5,62.7,
-6575.5,75,
-6575.5,70.1,
-6585.5,78.7,
-6585.5,81.5,
-6595.5,72.3,
-6598.5,68.1,
-6605.5,71,
-6605.5,69.9,
-6615.5,72,
-6615.5,62.8,
-6625.5,79.9,
-6625.5,71.4,
-6627.5,65.4,
-6635.5,76.1,
-6635.5,73.4,
-6645,66.8,
-6645.5,64.6,
-6645.5,72.5,
-6655.5,64.5,
-6660.5,59.9,
-6665.5,67.9,
-6674.5,73,
-6674.5,67.6,
-6675.5,68.6,
-6685.5,69.2,
-6692.5,62.7,
-6695.5,69.8,
-6700,60.5,
-6705.5,64.3,
-6714.5,64.7,
-6715.5,63.5,
-6720,63.3,
-6725.5,71.4,
-6735.5,67.5,
-6740,68.7,
-6745.5,55.6,
-6745.5,70.2,
-6745.5,83.8,
-6754.5,65.6,
-6755,70.2,
-6755.5,72.3,
-6760,69.3,
-6765.5,64.2,
-6765.5,77.8,
-6766,67.5,
-6775.5,71.4,
-6785.5,64.8,
-6785.5,76.4,
-6786,70.2,
-6795.5,74.4,
-6803,73.1,
-6805.5,75.7,
-6815,70,
-6815.5,82,
-6815.5,82.2,
-6825.5,66.9,
-6825.5,79.1,
-6829.5,64.7,
-6835.5,77.4,
-6845.5,69.4,
-6851.5,68.2,
-6855.5,80.3,
-6865.5,69.6,
-6870,66.7,
-6875,73,
-6875.5,79.4,
-6885.5,81.6,
-6895,80.5,
-6895.5,83.1,
-6895.5,84.8,
-6900,78.5,
-6905.5,86.7,
-6915.5,88.3,
-6920,81.8,
-6925.5,78.5,
-6925.5,78.9,
-6932.5,86.2,
-6935.5,89.5,
-6938.5,87.4,
-6945.5,93,
-6955.5,88.2,
-6955.5,85.9,
-6960,88.6,
-6962.5,93.3,
-6962.5,77.9,
-6965.5,98.6,
-6965.5,85.7,
-6975.5,97.6,
-6985,86.9,
-6985.5,94.9,
-6995.5,98.1,
-7000,95.6,
-7005.5,97.5,
-7005.5,91.8,
-7012.5,88.9,
-7012.5,103.8,
-7012.5,89.6,
-7015,110.2,
-7015.5,92,
-7025.5,98.3,
-7025.5,95,
-7030,88.1,
-7035.5,94.4,
-7045.5,98.3,
-7050,91.7,
-7055.5,98.5,
-7060,83.3,
-7065.5,84,
-7075.5,88,
-7075.5,85,
-7085,81.8,
-7085.5,76.6,
-7095.5,81.3,
-7105.5,90.3,
-7110,78.6,
-7115.5,91.8,
-7125.5,86.9,
-7134.5,89.7,
-7135.5,91,
-7145,81.6,
-7145.5,86,
-7155.5,96.4,
-7165,89.5,
-7165.5,91.9,
-7175,90.9,
-7175.5,92.8,
-7185.5,85.8,
-7185.5,81.6,
-7188.5,88.4,
-7195.5,84.4,
-7195.5,83.3,
-7198.5,79.6,
-7325.5,96.7,
-7335.5,95.4,
-7345.5,97,
-7355.5,93.6,
-7376,97.5,
-7386,92.7,
-7386,85.1,
-7396,103.7,
-7406,95.9,
-7416,110.7,
-7426,97.2,
-7436,106.1,
-7446,118.6,
-7456,90.5,
-7456,99,
-7466,108.3,
-7476,109.1,
-7486,101.6,
-7503.5,101.2,
-7513.5,104.5,
-7523.5,98,
-7533.5,98.6,
-7543.5,94.3,
-7553.5,95.5,
-7563.5,100.3,
-7575.5,98.2,
-7585.5,94.2,
-7586,85.6,
-7596,88.2,
-7606,80.8,
-7616,73.4,
-7626,88.4,
-7636,81.9,
-7646,88.7,
-7656,83.3,
-7676,97.2,
-7686,77.8,
-7686,83.3,
-7696,85.8,
-7706,89.6,
-7716,86.3,
-7726,89.2,
-7736,82.7,
-7746,97.2,
-8016.5,101.7,
-8016.5,98.9,
-8031.5,106.8,
-8031.5,104.5,
-8051.5,109.2,
-8066.5,115.8,
-8076.5,114.4,
-8076.5,111.6,
-8086.5,116,
-8096.5,115.3,
-8096.5,110.7,
-8106.5,115.3,
-8116.5,124.1,
-8126.5,122.1,
-8136.5,117.6,
-8146.5,120.4,
-8156.5,129.7,
-8166.5,132,
-8176.5,127.8,
-8186.5,125.1,
-8196.5,133.5,
-8206.5,131.5,
-8216.5,128.9,
-8226.5,123.7,
-8236.5,121.6,
-8246.5,123.4,
-8256.5,119,
-8266.5,130.6,
-8266.5,121.7,
-8276.5,123.4,
-8276.5,112.9,
-8286.5,111.8,
-8286.5,112.5,
-8296.5,107.5,
-8306.5,106.3,
-8316.5,105.9,
-8316.5,105.5,
-8326.5,103.6,
-8326.5,105.1,
-8336.5,106.2,
-8346.5,103.3,
-8356.5,103.1,
-8356.5,95.8,
-8366.5,110.9,
-8376.5,105.2,
-8386.5,116.2,
-8396.5,109.1,
-8406.5,117.8,
-8416.5,121.4,
-8426.5,117.1,
-8436.5,118.4,
-8446.5,117.7,
-8456.5,119.7,
-8466.5,116.9,
-8476.5,117.3,
-8486.5,118.1,
-8496.5,112.6,
-8496.5,108.1,
-8506.5,123,
-8516.5,124.2,
-8526.5,124.9,
-8536.5,123.6,
-8546.5,123,
-8546.5,119.8,
-8556.5,123.1,
-8566.5,121.2,
-8576.5,117.6,
-8586.5,123.1,
-8596.5,121.5,
-8606.5,124.7,
-8616.5,127.5,
-8626.5,122.5,
-8636.5,123.8,
-8646.5,124.8,
-8656.5,122.8,
-8656.5,117.7,
-8666.5,118.2,
-8676.5,128.9,
-8683.5,125.3,
-8686.5,131.7,
-8693.5,123,
-8696.5,126.5,
-8696.5,131.7,
-8703.5,131.5,
-8706.5,119.3,
-8713.5,124.9,
-8716.5,125.6,
-8723.5,121.9,
-8726.5,130.3,
-8733.5,123.9,
-8736.5,128.1,
-8743.5,124.5,
-8746.5,123.8,
-8746.5,132.5,
-8753.5,124.6,
-8756.5,124.7,
-8886.5,128.5,
-8896.5,127.2,
-8896.5,134.5,
-8906.5,138.9,
-8906.5,133.5,
-8916.5,127.6,
-8926.5,123.2,
-8936.5,127.8,
-8946.5,125.6,
-8956.5,129.1,
-8966.5,126,
-8976.5,135.2,
-8986.5,134,
-8996.5,134.3,
-9006.5,144.9,
-9016.5,144,
-9016.5,147.7,
-9026.5,150.2,
-9026.5,150.5,
-9076.5,153.6,
-9086.5,152.3,
-9086.5,169.9,
-9096.5,164.5,
-9106.5,160,
-9110.5,164.9,
-9116.5,163,
-9120.5,155,
-9126.5,159.2,
-9130.5,159.6,
-9136.5,155.7,
-9140.5,153.6,
-9146.5,158.1,
-9156.5,152.6,
-9166.5,154.5,
-9166.5,162.3,
-9181.5,154.9,
-9191.5,159.6,
-9201.5,159.3,
-9211.5,159.8,
-9221.5,156.2,
-9231.5,148.5,
-9241.5,152.5,
-9277.5,148.2,
-9287.5,144.5,
-9297.5,142.9,
-9301.5,136.7,
-9307.5,136.9,
-9311.5,140.2,
-9311.5,148.1,
-9317.5,138.4,
-9317.5,139.4,
-9321.5,129.2,
-9331.5,138.7,
-9421.5,138.5,
-9421.5,138.8,
-9431.5,149.3,
-9441.5,148.3,
-9447.5,139.4,
-9451.5,144.7,
-9457.5,138.7,
-9467.5,139.1,
-9477.5,138.2,
-9487.5,146.9,
-9497.5,152,
-9507.5,151.7,
-9517.5,152.8,
-9527.5,149.2,
-9537.5,153.3,
-9547.5,147.3,
-9557.5,148.8,
-9567.5,149.6,
-9577.5,163.3,
-9587.5,159,
-9597.5,154.7,
-9607.5,165.7,
-9617.5,168.2,
-9627.5,171,
-9637.5,172.5,
-9647.5,172,
-9657.5,164.7,
-9667.5,164.5,
-9677.5,157.2,
-9687.5,160.8,
-9697.5,165.1,
-9697.5,164.6,
-9707.5,162,
-9717.5,164.9,